Date,idf,AAPL,ABBV,ABT,ACN,AGN,ALL,AMGN,AMZN,AXP,BA,BIIB,BK,BKNG,BLK,BMY,CAT,CELG,CHTR,CL,CMCSA,COF,COST,CSCO,CVS,CVX,DD,DHR,DIS,DUK,EMR,F,FB,FDX,GD,GE,GILD,GM,GOOGL,GS,HAL,HD,HON,IBM,INTC,JNJ,JPM,KHC,KO,LLY,LMT,LOW,MA,MCD,MDLZ,MDT,MET,MMM,MO,MRK,MSFT,NEE,NFLX,NKE,NVDA,ORCL,PEP,PFE,PG,PM,PYPL,QCOM,RTN,RTX,SBUX,SLB,SO,SPG,T,TGT,TXN,UNH,UNP,UPS,USB,V,VZ,WBA,WFC,WMT,XOM
2022-05-09,,,,,,,,,,,,,,,,,,,,,,,,,,,,,,,,,,,,,,,,,,,,,,,,,,,,,,,,,,,,,,,,,,,,,,,,,,,,,,,,,,,,,,,,,,,
2022-03-25,0.12322275042172404,0.14733441815304227,0.05968727367924709,0.10324775348821547,0.13651640809505095,,0.09956572324301782,-0.0018810073428296992,0.5146154143937469,0.17837156259112086,0.41737304334727776,0.12493339433377693,0.22055086313155492,0.11087335318603975,0.22372676698420957,-0.0462406149290262,0.07757987564704139,,0.20400283304633637,-0.0428222493463396,0.1787098436175536,0.10274308989360947,0.11221736459602338,0.11511690691624255,0.09245497183236195,0.06317109926903464,0.1983521551941907,0.2011948224276474,0.30061689122792945,-0.015072254082517778,0.16704179436554645,0.22372051250757785,0.13052341743048101,0.08781866284597406,0.05977750653406422,0.28847464807758505,-0.044909216019106135,0.14087829170949395,0.259192433552232,0.0925895115725528,0.16606717068848886,0.045954933685424804,0.019746269538522432,-0.02298420322654604,0.1939520706800435,-0.00231209416272371,0.15604609792095547,-0.11088476722015606,-0.047670667109717124,-0.0007261417027231154,0.0337708673956143,0.08156249309319397,0.06264305551316873,-0.023879766984257533,-0.07696819504729346,0.08917450381737879,0.08607558772722856,-0.012600066330368476,-0.029677876211758325,-0.07188501934770597,0.14778141994060512,0.18710229851832638,1.1597342167622422,0.20222999774225903,0.6337463919040376,0.13798603396370934,-0.03762371327837266,0.08511512009865507,-0.02334444688826509,-0.06428362493020523,0.43040367009089264,0.17084200537043337,,0.11640327308093501,0.18995781045402538,0.14826496461376992,-0.04445645833922185,0.10136217514233703,-0.09206503912747821,-0.02493307945575529,0.1134428134934542,0.05470584090819686,0.21367371757075482,0.18695923935988934,0.1459946564916712,0.13176162008176817,0.04202177076493463,0.07457241896356104,0.1891316704052899,-0.05537999639379876,0.00876151872828479
2022-02-10,0.03973381620642824,-0.014880985959777826,-0.11541556417412735,0.07406479401696897,0.04479578380316074,,-0.13672294376253968,-0.049898458983033245,-0.035017737491059076,0.027485803656356556,0.15771369956634995,0.04299185672346484,0.20345087600968492,0.1692445773406328,0.04318560300345964,-0.09238531244100434,-0.09083983697156339,,0.0864471911321143,0.06606039807824304,0.03798002687719104,0.15476878690609985,-0.06699542484436682,-0.0018191668752322032,-0.029845245644732343,-0.20485179210338955,0.0374785488215954,-0.01939494891784288,0.09357484784802717,-0.09463728285884809,-0.016648049478066862,0.09775353111716312,0.028175997627052807,0.05753565704793617,-0.1343918267315909,0.04979093007613411,0.035686619283952004,0.15326456799188581,-0.021549645816610452,0.09158330072000109,-0.16981992079943498,0.13608848094006865,-0.0358462363928187,0.01652073139026089,-0.05730274682452985,-0.04849987006915013,0.09885842683972323,-0.13640226967200209,-0.010015920921131904,-0.17430007390233804,-0.15620841260228102,0.06800675479016549,0.07268924335405536,0.05740937749156205,0.08533807668970694,-0.038746083745091586,-0.011081510806311035,0.05151306514740006,-0.07998115559433339,-0.0670642943944677,-0.006335352094757218,-0.10609466265970469,0.08671922530657783,0.0807053007345333,-0.0676152991228346,0.0014682163078938437,0.012284137407034601,-0.041303530799453037,0.02839752132256379,0.10933735052876736,0.04623764423401622,0.09734048687871644,,-0.07708280496256992,0.08987994150535594,-0.10325096393591515,-0.07968161987114686,0.09220167672021251,0.01719803584263735,-0.026040591687271908,-0.07701452229599959,-0.05408278690435908,-0.11866323231358022,0.017358103185547646,0.03658968144725061,0.03277939798650764,0.034321442159555904,0.03413886971780378,0.12347782936685303,-0.055031498576398885,-0.08169013302548311
2021-12-29,0.03645328699970607,0.04085379447094062,-0.061244423012556615,0.10123458566556831,0.2101573484587338,,-0.04323492434594067,-0.005331687612902591,0.06413379164223709,-0.1641355830057507,-0.0689828404017857,0.17392294782837903,-0.08570982096707114,-0.09271869441912772,0.1690204053144584,-0.07158520885124509,0.016047788435650467,,0.08204182576542496,0.05934837587802089,0.02904208666892405,-0.07567770626668424,0.09340915634965685,0.15883560210303638,-0.020616521615407057,-0.13297560831859423,0.0032365623851715597,0.15726425493189344,0.01781014320357155,0.049804613146694265,-0.04548763501771491,0.13135147373603462,0.5036611190786306,0.07104532917729056,-0.02268023309401579,-0.04048989169189532,0.19177857107486762,0.13686927629646095,0.05796429121810531,0.042178304925246435,-0.2921937162755974,0.15700239118946624,0.08229465663037705,-0.01316024802159732,0.05276629411112954,0.01257227533247618,0.010678020281437162,0.04432775131021205,-0.039589455670738904,0.16182608696208178,-0.0808447623094517,0.12895088066089833,-0.036254891331807815,0.04523686402263927,-0.011232545449594289,-0.008867308118430617,-0.11710774306709881,0.11687734014216522,-0.05540053447539517,0.00509400539713023,0.13086179805041342,0.21921804884660379,0.5027936951719998,0.16544669118656508,0.16174887117481274,0.07371436581581259,0.027320803240518554,0.12935804674225593,0.03905474152255617,-0.10250306227974915,0.5961183547199331,0.06968458410270495,,-0.09646541381381402,0.21490806623380876,-0.24539275704165686,0.03214556280155234,0.10265313939749343,-0.010710074879886178,0.06584360930749344,0.11071570028913902,0.03874917430648028,0.03679996129253049,-0.027551170219908494,-0.05184938319685417,-0.03446238047935557,-0.024572662249885413,0.061560292082709855,-0.18317634093943935,0.04872133358865427,-0.22699984680752638
2021-11-15,0.029717698527179648,-0.1637863384689292,-0.13682029356338854,-0.08322107165801018,-0.11306632390175797,,-0.03355443038667327,-0.08875226356225485,0.04777155902634633,0.11780513968355266,0.1445055099017296,0.05230153649999725,0.026383401340080992,0.008525285869711352,0.043028163230461436,-0.04286404365901386,0.0018329652714497158,,0.05581450327979787,-0.07784714741170895,0.05514925476636923,0.0739749648607475,-0.08432987220455901,-0.10459653701446259,-0.09845709791242085,-0.02089649384910286,-0.026393546046792005,-0.08296458480249758,0.022987006333279547,-0.039709864947783724,0.03690160668964304,-0.03888609998888615,0.013471729994452453,-0.023152542223724315,-0.032805745722840673,0.12434516096418591,-0.09662837550146064,0.10029707713400593,0.012253227032711367,0.04268489798338626,0.018090602040716774,-0.1004974797949042,0.0719895775667505,-0.1085864153853815,-0.029133786993159827,-0.05301131716860952,0.05045414386097047,0.03881310294252538,-0.04691602990220067,-0.07179808350595573,-0.04557944812283721,-0.08793723823354138,0.0001937011141837086,-0.0631105051896691,-0.05303604910668891,0.12396104038975553,0.023452420336111057,0.01917068727539517,-0.06437928804697834,0.07736831533738298,-0.018990248255729814,-0.054735669988435376,0.11267081851832339,-0.00138003112183116,0.0006773796010663968,0.06586552313707417,-0.059371096279315805,-0.13772144503394246,-0.10225964658556508,-0.0023453657214984602,0.11880819034795054,-0.09841369112030751,,0.03421723082491224,-0.03875226037995794,0.09888915747331439,-0.08623469967333941,0.03645357356819523,0.0064935418564946445,0.1558002545770516,-0.008280570750892946,-0.11124953951652039,-0.04269315218069847,-0.019198110491390863,0.06819788699951523,-0.026905591790828076,0.0007639205033098673,-0.05799038692558167,0.05428274884897899,0.02530198913762316,0.052657422765972184
2021-10-04,-0.02675870414417958,-0.07375181160011623,-0.08055799576737188,-0.11089580676340438,-0.13544777247532758,,0.10287456717837196,0.010991335732303709,-0.10037564281191935,-0.059510578105822276,-0.03989876527466407,0.023912882881527597,-0.12288947957180318,0.02266519039184245,-0.1339431581583831,-0.01157332453215798,-0.07529986435343583,,0.06934529836548098,-0.047147933173656176,0.05901081859831714,0.05829994097867641,-0.15476524857048612,-0.05308190149348402,-0.10871928106332329,-0.10357812362417151,-0.10905166667724675,-0.0037038393115484958,0.0948684891303635,-0.008085590835247847,-0.03356098411855668,-0.27744209756406757,-0.061370660381218634,-0.1364645874017686,-0.023568753635472173,-0.01659319887061983,0.005357081049966128,-0.14276642058426836,-0.09964503467917774,-0.07573921193670763,-0.016239263209840815,-0.12021664845727198,-0.041271786103597274,0.14375540716333735,0.05526100865614758,-0.02629654791756686,-0.003662402390017694,-0.019404503664621542,-0.06411155728142959,-0.13275430064875848,0.014871444877424533,-0.13258916919453856,-0.04868916331481288,-0.038981622882986344,-0.07605401750151541,0.06353123454642629,-0.03504049453829139,-0.039659681017466086,0.028761040266436222,-0.007049984587559344,-0.15758631849073113,-0.0913670221837245,-0.11184555310744881,-0.12857569714156558,-0.34281426121609304,-0.05391860218390365,-0.08302812602159926,-0.15305369460561147,-0.06421366464723932,0.008703809991212674,0.19982122218065435,-0.24823446611299416,,-0.018578570189217047,-0.007942598608518425,-0.05623487905593638,-0.006808862786079617,-0.20470264274672334,0.07109013337429948,-0.145424293638987,2.3862855267342553e-05,-0.14150399285466575,-0.14888602369099102,-0.1564863514353957,0.0011578079989564838,0.05668896024921444,0.027869271539298524,-0.0604814529859129,-0.08302363941785107,-0.07610092814030889,-0.05388342577338212
2021-08-20,-0.03044772838311327,0.06504227813053154,0.09279865272342702,0.09339562994838158,0.04119069852398205,,0.056530817245365794,0.05717928876592948,0.0031882831360134922,-0.07477115071195473,-0.04968942066578341,0.2278671358192279,0.00889314159080401,-0.15644517070050468,0.10614070687498267,0.16478273022041057,0.06115050610833683,,0.07170427999794726,0.049826785575041166,0.04631919749735891,0.012702494633358263,0.04282722898991209,0.06637167258948806,0.012409059264657296,-0.0995034201165903,0.03804505279814907,0.07618927701846068,0.009569862441309418,0.06401352673404137,0.08607429903725583,-0.12404191164325551,0.10158471941518665,0.2199853888478167,-0.0010632058264181676,-0.046975554852221046,0.061532612225559946,-0.09596147367735197,0.028206056485724496,0.05293526176604235,-0.21071452643214839,0.003383255585563516,0.06297558215777199,-0.03469562557565464,-0.027305088930355104,0.12033667497781919,-0.0732554481485651,-0.01884833939756203,0.060874211999717875,0.2048476319643553,0.024899791654036996,0.018092115188490743,0.031348049164334535,-0.024232092179404918,0.08681649861186935,0.033707834632569655,-0.029822066954376614,0.10293127157286475,0.02363293967638791,-0.061598632878611115,0.07505914738382047,0.08224583732443014,-0.0935940548406996,0.1384638003980112,0.05475016665663657,-0.0035849747038031454,0.047083918855619133,0.14851492298089064,0.045392385387171164,0.041514597871028736,0.07038938604330269,0.11644549904871315,,-0.04150985238256366,0.028440676371100038,-0.14692214571238071,0.07832778695156373,-0.03716626595141326,0.011743089277887364,0.12178489936492931,-0.028518863831581975,0.10644939812446563,0.08330010988851178,0.08306237313349119,-0.08712886609857862,0.029502097097705127,0.01871561496744234,0.034482841944780906,0.008507017660315919,0.11581813382782347,-0.14549576046091162
2021-07-09,-0.024509859494303954,-0.022248918088440428,-0.029669464000114387,-0.055685005530809906,-0.06285883476864929,,-0.008100393652962001,0.0885387558305819,0.1623119563256108,0.07630656127491298,0.1265810805507226,0.04804826446115684,-0.06994984950363736,0.0579590698429715,-0.017292325811400278,-0.02947970486748619,0.05523289939348808,,-0.07256111297671686,0.04046016089140725,-0.023228411584145348,-0.05261321653227358,-0.10325186751602367,-0.0769494711591554,-0.04737216337497829,0.08892438368317879,0.07292953977359073,-0.13705908858164972,0.010963900311100838,-0.06972692607290243,-0.044864346176249126,0.1519491141554512,-0.024904643712769126,0.11198660906453539,-0.035884421386072174,0.052273822600492625,-0.05825531704639275,0.20409834508580604,-0.08666987913281177,-0.0609038468452795,0.22899497731966867,-0.021716645830251124,-0.018668981620116876,0.00574538782250289,0.06957328872954194,-0.054001249029584475,0.0067865755032918695,0.09153002433226298,-0.03848870406876237,-0.13538186431075905,0.0726263855711271,-0.06575128410781139,0.05056476473264304,-0.011782552785395417,-0.007402739559290383,-0.013317966755035604,-0.03495897225833344,0.027386001917300007,-0.022075408442664757,-0.008769690476589043,-0.08854988664265673,-0.13085299028926223,-0.019931290807383206,-0.04046719063313897,-0.03678663812955174,-0.016893956596883974,-0.05601509089361001,-0.1942844208961232,-0.061454527013711346,-0.019917085814382673,0.0998314802646989,-0.0046450597548212125,,0.021589823828903176,0.020813304520058917,0.17876039583018022,-0.09606834028795286,0.007144529882501693,0.03191864722721527,-0.022376302441272977,0.022948121792063958,-0.040957847138732184,-0.009029618593959676,0.10119856049968146,0.023168008514701022,0.02932808882748339,0.00990633856963341,-0.027998003410504735,-0.07803230147367857,-0.07701812661233254,0.14366817201513404
2021-05-26,-0.038672925829822735,-0.12583564176716644,-0.016126449941199827,-0.024970783151274434,-0.09170888802969557,,0.009778114002260585,-0.027120646302897233,-0.12211310744612014,-0.08010177417899245,0.007429353506005931,-0.252177815503451,0.03264570674427514,0.06925316764173206,-0.031798466894391586,-0.022557301908294636,0.09332179937983986,,-0.05834585578839091,0.024262919588568188,-0.024526762844188754,-0.004422415873229335,-0.06486883659225451,-0.022261571309665995,0.07378248566106471,0.00048043696524247004,0.06077986549834802,-0.09333195987972254,-0.003219566691399889,0.004470440923780794,-0.0440529309221811,-0.04005526332762632,-0.0649506560512666,0.04582516515108437,-0.012589720583942698,0.01746265941457037,-0.0374525507301412,-0.011572438902356486,-0.05180911679249234,-0.015054447064244303,-0.006463689895422453,-0.019917892230546297,-0.00031190737254416234,0.013143068867972785,0.016610091400524496,-0.004005871222946711,0.03295089963602282,0.0958699124863378,0.002909576936376501,-0.1446870142108433,-0.00406702072201226,-0.00885679757905633,-0.02873583379291922,-0.019544364595211028,0.004646297616055506,-0.019769999394416482,0.09191285103269187,0.0028855597588837156,0.02459650892700349,-0.06315272565153818,-0.09516441697912481,-0.02542084287180535,-0.06272621430334879,-0.15146379184211345,-0.21714669800119069,-0.09685490799004748,-0.015089606712842984,-0.01741992564261141,0.00795434337538925,-0.03276808304926071,-0.12937609487824941,-0.06374650901543144,,0.0013893295107823,-0.03932928049213247,0.00750626217955408,0.03660324207403809,-0.033537215012549804,0.013946179551143967,-0.08637058456277746,-0.010038315209659698,-0.0009897211373208759,0.004916815954710607,-0.0005141864356980053,0.04079372417537619,-0.04780472820452086,-0.005994439190288414,0.09702598807995422,0.056706903339098336,0.013328467411204192,-0.037400019493217806
2021-04-14,-0.029629729044969966,0.0390708171869012,-0.07672182003837635,0.04068519599955778,0.0017257454016810225,,-0.11175053315223349,0.039099150044700215,0.020776957244583727,-0.07037447060564528,0.045821758223195896,-0.0076537777068313995,-0.06271177563529395,0.04568383924291641,-0.08629788717750819,-0.0350823111048878,-0.025983721108505664,,-0.11016586072683854,-0.0648414645948826,-0.06244493698694642,-0.15276189700927945,-0.06023092601835256,-0.02910602125720907,-0.14577915609032177,-0.010669672902566707,-0.08354297291284063,-0.05747308171854648,0.062276904953490364,-0.03226012147156132,-0.024276082145503253,-0.11942444115684447,-0.07581027913161542,-0.07382140861988062,-0.029309066765723757,0.020895614043230593,-0.015825049630182386,0.006887012716445318,-0.058143747275571145,-0.08723460563416663,-0.02782763127558674,0.008476877953707662,0.018462151444440966,-0.08519689401997343,0.12081987933601912,-0.05998439840033021,-0.06562432198188395,-0.08850163868411087,-0.035435317582874104,-0.09351276181274493,0.011818969204710594,0.03784776621468722,0.04320971416067332,-0.008779885416647759,-0.08345122531682547,-0.01876923898118299,-0.0309372037753588,-0.03109068236027024,0.039052982707439066,-0.010747272353865078,0.013961475223654096,0.0770381447048687,0.07496622995028601,-0.03382274456341949,-0.026942791416159406,-0.030784886685701895,-0.041739792519272845,-0.05428253845481856,-0.024486161222652347,-0.06412484930034423,0.022343790209248038,0.012472753340111664,,-0.10412272606399564,0.01642568703258851,-0.13438976056490182,-0.00740003077249074,-0.10213105452017268,0.00609134035032044,-0.09716010635460981,0.004912019495901143,-0.09094650181119668,-0.005584140141375538,-0.17978637649037543,-0.03599531948630852,-0.02383390918606698,0.023775645594356076,0.03835625937468912,-0.09701303361199476,-0.023879671587908047,-0.041449753761439445
2021-03-02,-0.02293275385833926,-0.0523366813459486,0.006179872314092449,0.004788163636030962,-0.09144214253152261,,-0.08918784592029594,-0.09586572446634045,-0.07154814602554005,-0.0582506735122017,-0.11603214410322715,0.015275207600241814,-0.10361848161870701,-0.07008744603946193,-0.1110729784586365,-0.04723737469338918,-0.07206133298462114,,-0.001669046025712162,-0.05012605722304031,0.013180205009197365,-0.0906680436596291,-0.0955752303912294,-0.12018711574771423,-0.08177928913322907,-0.01755044080967405,-0.04688500053758027,-0.05657157248669875,0.03456735034385172,-0.11691480498388473,-0.04271356591485842,0.02532672592040419,-0.14470644694655932,-0.10035842601541167,-0.09199806106455044,-0.051868833278240545,-0.04592806908960778,-0.07472638450909352,-0.07914231106355396,-0.013150422195763123,0.028624174241960176,-0.19170952810693043,-0.09939837641215599,-0.09273920218853215,-0.04595724755773001,-0.005627716766792079,-0.013744740097569208,-0.08263795442571586,-0.06393285784580349,0.11551909014143824,-0.12884974261963844,-0.19089925259588458,-0.042107703287388665,-0.09396023747655258,-0.08437890967153716,-0.053426649790473624,-0.060098939353840475,-0.09982200126539842,-0.14394193140038947,-0.05477072620884582,-0.08497984653635482,-0.0453684112701902,0.014443886357656366,0.03598979881908604,-0.12275808385172693,-0.1359954361072656,-0.084992422968316,-0.09846653939205818,-0.08628313018283607,-0.0782613350274215,0.007409943675930952,0.012170649574247516,,-0.042201087111688795,-0.06912132759794731,0.030391786808945387,-0.09485052994660315,-0.029191058444773654,-0.07191908636608957,-0.1566282749083877,-0.08112232612844994,-0.112277135537591,-0.059748349439442516,-0.08421762441034719,-0.12699897052893871,-0.02797550662998982,-0.05728269654593132,-0.12906199058708234,-0.11550354644778094,-0.06998983226133726,-0.021807394446965778
2021-01-15,-0.02520219403776791,0.014628247644268733,0.02475657044570445,-0.09165103776955441,-0.021525241842391463,,-0.018915669875245178,0.07970280185804324,0.003141016765422444,-0.12280063548580733,-0.08434163357940183,0.022197480447998297,0.037220655376949185,-0.0714132280808204,0.01598474096747937,0.08601271785392628,-0.1030026049567031,,0.020841731731236823,0.0796283595031988,-0.10248848647066688,-0.09162706359901618,0.10042715315492812,-0.0019773142254486675,0.0988291171214355,-0.11356494716778809,0.12340135937363739,0.05649519920831314,-0.11601526099185122,0.044949228267853636,-0.06129506558711939,-0.21673305707669122,-0.029498067141499718,-0.027118531684359404,-0.08653407020117254,-0.12711854529015765,0.0050785657062013545,-0.07651079916743586,-0.16316941241303629,-0.09399810329154223,-0.07094081899703686,0.058780618750136515,-0.007346798553262479,0.05291255179245735,-0.06543758063393446,0.0018022338372083446,-0.07579502736676313,-0.14281886679439404,-0.02794408871271936,-0.06938064566552127,0.017831410933876857,0.04716345941281497,-0.1090348519954708,-0.00020916282690663923,0.06594635640463054,-0.008992915337915575,-0.14071383148129213,-0.0729099859276654,-0.07871187295185278,0.14454332224830924,-0.09282356082183141,0.08037838063915448,-0.09097878075196619,0.024919555688831307,-0.04078316845468455,-0.07320735792039657,0.07873648800466126,0.08340948252585312,0.08129045731916973,-0.048548093028204065,-0.10921657152431896,0.1463076409957369,,-0.0789232682457951,-0.049475778537818815,-0.11891677019386271,0.02087183289394212,-0.16726366330415943,0.03366385746209577,0.11884278765080758,-0.03842262148932096,0.049784919368646596,0.03012396259330563,-0.021501813659907443,-0.04442255432016684,-0.06716630639608023,0.04365223378115135,0.021459556559073834,-0.14003972828128064,0.11167484295912766,-0.16015156845710343
2020-12-02,-0.07884755589741987,-0.03193325053806528,-0.061018397020033754,-0.032200762637509595,-0.019082315789460846,,-0.04354236797788946,-0.07711113677592396,0.03198196965349931,-0.00202572121530864,0.09558534690294085,-0.10484338222481604,-0.12244878192881647,-0.019257022111740407,-0.017904358740083115,-0.0729193648640204,-0.10661794387547585,,0.06083543177782036,0.047142325779188976,0.043695748301243675,-0.18786098312312594,0.05892432710288742,-0.041670208663636354,-0.08693962449768289,-0.024106825443465096,-0.22322075996173685,-0.05124994694073204,-0.10400140910607203,0.019107731823102103,-0.08277941619611728,-0.06408951966379517,0.14385736917376168,0.15247137205504635,-0.006040192214801787,-0.08028130292420732,-0.04554146419407645,-0.10786470398194226,0.05634918318905768,-0.21049144572520784,-0.1509160331269066,-0.01629230779204105,0.00985575560792995,-0.029363709864389076,-0.13337962768024592,-0.07585779156270267,-0.12602861632585505,0.024695221614635,0.07002040347754712,-0.2390835920825155,0.04057366307777799,-0.11398386260051974,0.05113312538079051,0.004525756037307316,0.010602536531583828,-0.03231358254568928,-0.0670708189116509,0.03805503608682104,-0.04812696130633276,-0.02627892285170852,0.012791017546139205,-0.09422231155594896,0.010843796492531643,-0.03846096570095692,0.05295686542071132,-0.04734884160605335,0.015609328299345249,0.11171665832115063,0.026561987181390245,-0.049209973137025353,-0.11355768167959568,-0.045260653031991005,,0.03959546633596722,-0.03342113347574227,-0.13127259782638856,0.037211051604441714,-0.07639593404183287,-0.025697731515210598,-0.09440461760424934,-0.038241043710464995,-0.014193125891035163,-0.06020311813560353,0.06249213869646564,-0.08526447069685472,0.0426112040383797,0.058035503612075656,-0.18560909796681957,-0.09893878625620633,0.03686244436830788,-0.16600546611454392
2020-10-20,-0.11931833258432079,-0.046899535473173715,-0.19754253256788024,0.0019416297116836567,-0.07718491780080239,,-0.1260912987619217,0.013156589989803846,0.00420785207114438,-0.15687082960483656,-0.2528925578146879,0.08180786124265693,-0.08009819336971058,-0.1956822856906586,-0.1020240017595061,-0.02476683647889555,-0.03396747291459967,,-0.08829829676624446,-0.07403750416167276,-0.13281099547936048,-0.155577084613717,-0.040556812500120665,-0.10685808905308891,-0.15366924927888415,-0.21396940727613167,-0.0743431913164121,0.009919877935216315,-0.18657641786493173,-0.029007591242121822,-0.08395201455863865,-0.15869563796586128,-0.06942123058487248,-0.014808775775676741,-0.09709811092723486,-0.29626078720685256,-0.009487975353443256,-0.20143568838254444,-0.1500791898197169,-0.1293824144872574,-0.2784535349602427,0.049386988081518535,-0.17090639604821756,-0.07163852228321932,0.06300959844801213,-0.030967394995135233,-0.17756468521760482,-0.035638958177650726,-0.043195878689043954,-0.015872532822301055,0.022871366773261403,0.16652392753857326,-0.024983785272906345,0.0723043894212887,-0.019951896226200194,-0.039172526663378116,-0.18545598473785307,-0.013768659184108523,-0.0329834741387961,-0.0435047723072427,-0.005945614770839991,0.007889164720394692,0.043783975949689635,-0.05229378620117198,0.007456810467826758,0.011340522885316506,-0.03395079702166948,-0.13707896450767942,0.024091084809223506,-0.06071454935452558,-0.04986822998906271,-0.14822859133411048,,-0.1548755991209252,-0.109346071543996,-0.28849967294957923,-0.06254741021459398,-0.26120339810943416,-0.08009632275226508,-0.06926314287752333,-0.07968197982973557,-0.06948431991169468,0.011063830701963262,0.029556749654941372,-0.12242614541981667,-0.06079276711834869,-0.0669817813282747,-0.07003724495569474,-0.21351749048334112,-0.043980742140527496,-0.17611170878793359
2020-09-08,-0.062255728419433165,-0.039911483816051696,0.056473403908125386,-0.05409395132915196,0.0058704432832275,,0.001866474595888734,0.043617464376196624,-0.020879612332910802,0.0009579591144885935,-0.0368333141579642,0.006663667309951826,-0.028571330628863634,0.13153598398440036,-0.1434417007691322,-0.04199979937346743,-0.12113128694986919,,-0.019333853248311272,-0.05248648167197434,-0.015359423324823651,-0.08942651283970027,-0.10427948371448115,0.011082224503888849,0.0016827024333887497,0.10170206949782123,-0.04472088216066317,-0.13678090647601437,0.07402961365282468,-0.12307178475516045,-0.03200012803748076,-0.09173125724619657,0.013454948932443589,-0.230862879067679,0.053330419796317585,-0.16486808778456874,0.04830599761954901,-0.09044936921406299,-0.01771667563717849,-0.02667879069051904,0.16248057400331772,-0.05866309087561816,-0.051887196239271405,0.032717054802967604,-0.08459660775852673,0.018747849734247257,-0.013636324151530155,-0.007189658110785757,-0.016715765893866807,0.03983571164761335,0.021546989481095125,-0.1348280112340755,-0.006703533085919533,-0.06098046621231357,-0.015822811291652084,-0.047265392730125866,-0.037112378069746876,-0.04551049767188897,0.09096271756296503,0.05696051823078485,-0.05585835536874151,-0.07668017505196201,-0.03501959288752565,-0.12273328027783359,-0.12696486857206846,-0.07787613093666834,-0.029776162569415066,-0.04161087987148904,-0.04590118812175148,0.0609372040878966,-0.07927316910970228,-0.144427199181283,,-0.03249510173698267,-0.03502432386038867,0.1865719971061015,-0.09812288372945055,0.06683114054961692,0.07640326979013623,-0.12658465229995985,-0.0980574467956925,-0.053866110750029006,-0.08762941628934884,-0.10538667556914294,-0.07439973584141091,0.01224068631662889,0.03630244543752337,-0.03707651069146589,0.050854802397920285,-0.03787359636696175,0.13293753859334645
2020-07-27,-0.018259265748977405,-0.16114721292338563,0.07692314029056635,-0.027712966687446494,-0.04010301613504763,,0.009992203406884448,0.04470619075382287,-0.030042835290885028,-0.07601049026001061,0.056679940272091,0.0642990291460468,-0.008046795584484956,-0.09979383694630095,0.03502907236813835,-0.00820078703377658,-0.05810687965714223,,-0.06134120176943625,-0.013088355157575116,-0.00570638583109262,-0.06713256831471126,-0.03530409389565903,0.17975002001694063,0.05106669462106983,0.1364589485426544,-0.031134920766020202,0.014427808113328444,-0.13330849326731498,-0.004587413888267777,-0.0707146919060454,-0.014224744689198765,-0.1388848028968065,-0.23024960277881823,0.006940570328489271,0.092833939501207,0.16214552514333613,-0.20630018791919114,0.0038265149766478768,-0.003367044102887684,0.003278765414695073,-0.012043470302190995,-0.08740287175301464,0.02779348638952639,0.006657391458661399,-0.0071514671703734045,-0.03022406306533365,0.08455052645631467,-0.026701378310194035,0.06973030542250958,-0.0012047233135634716,-0.030051034493847162,-0.06372003344756272,-0.06321064938428866,-0.014364079653843231,-0.07793074117815268,-0.014239434793895,-0.00859475707143309,-0.02182474624672892,-0.052802012999023096,0.003446323623976344,-0.0060204922070813405,-0.02242514173712573,-0.13950401221580822,-0.1254609148030582,0.0003615684220421578,0.008388950381105653,0.03469630391412526,-0.07076651381266275,-0.006200274063087097,-0.04286099140362731,-0.16000585940971734,,0.023436962521245386,-0.10963203432440294,0.06368860167792945,0.014734685615287013,-0.11548903170116609,-0.007455072656007755,-0.15217719121458062,-0.03545496081998145,-0.028152986924512957,-0.06743393785574425,-0.23142219672945163,-0.015250478593420547,-0.017525608650354574,-0.051534393326687855,0.09105899726349032,0.05905441219614893,-0.05617339944668043,0.1319385217807476
2020-06-12,-0.0605610517826648,-0.10663429050923035,-0.05984868374474284,-0.11315396738792449,-0.10059943278667327,,0.03236262408946011,-0.1409422999591664,-0.1669901407527804,0.056694211326412614,0.11338926638674729,-0.02417978744436111,0.06612255642875842,-0.04634045333111392,-0.08393448688014382,-0.0397127502428235,-0.12620940187327978,,-0.06668923150378292,-0.030638386082593394,-0.0994736711044304,0.0743838851040044,-0.08821719677221429,-0.05238948270916077,0.017306444476511196,0.014828505244876222,-0.07841003435663485,-0.15467260633890145,-0.007050122191010533,0.06704395667575458,-0.03248703946497944,-0.06782100198867869,-0.02107065596978719,-0.2259364788177627,0.0008239796957949519,0.07885935326658777,-0.017976997660797744,0.08793767527011997,-0.07617871080990635,-0.006107923905062207,-0.14228181294748743,-0.09337394036485913,-0.04145655251809632,-0.034070314004636004,0.19689336483622832,-0.034175603706254165,0.020703875974880104,-0.08725602504666263,-0.05940595293512707,-0.10566968732576132,-0.000575932662970402,-0.15793376225859834,-0.03712742843210992,-0.060024845594878196,-0.09245603493535459,-0.03969630232900012,-0.009259185583068485,-0.051274358806634,-0.07120820246695803,-0.03332067044560494,-0.07902863152178197,-0.11065078669781747,-0.1565217139667071,-0.008023747631512479,-0.14287783188992853,-0.06682908704184098,-0.0629767211404304,-0.10095882307247817,-0.09044515550076593,-0.1174490681289696,-0.12765480259637763,-0.08047481239010956,,0.07006058903661949,-0.0010463225315979763,-0.034552958329084116,0.03520086215517915,0.20201469050212517,0.01777444663479577,-0.04719207908849565,-0.06168635361770047,-0.04913883152095355,-0.06017415007220184,-0.1613916935602684,0.02525189124905025,-0.02361483287131727,-0.017017302295977643,0.03915651444865609,0.09729302099586312,-0.10265996317815607,0.0703424858683721
2020-04-30,-0.06418484730444574,-0.1351629069253113,-0.11096694778515226,0.03448663547160957,-0.08135327137633053,,0.057031924280988466,0.09046213238463063,-0.027905485609630132,-0.10257668008908871,-0.2558703585030492,0.06287821194326071,-0.02341297581737023,-0.0882741106563234,-0.053747942350351297,0.08260656580576886,-0.0549736011988351,,-0.05231834195361318,-0.03462002089768823,-0.046375945958447184,-0.08913940331500025,0.014395681348799538,-0.05968498253777199,-0.04053008135274572,-0.018628476528573357,-0.08381100498126959,-0.029219586999937652,-0.06355525563823106,-0.035242774203203875,-0.07937120914265827,-0.21207430456753873,-0.10442731177695064,-0.044831366455347355,-0.12453097516340261,-0.062068911100014335,0.13741616435672133,-0.2027896407226314,-0.04686754431519735,-0.09663704580724708,-0.18147450124582742,-0.09867941367090727,-0.025247712499880004,0.0163102226314209,0.005276995918828797,0.048238169986121626,-0.04115358810904679,-0.05852123591106617,-0.0027006982325312734,0.07228236528229393,0.012691594735087186,-0.16898059390989595,-0.07663130338950608,-0.015077660381628832,0.013995711707459613,0.0474197844535027,-0.050023855407146045,-0.028682154265274096,-0.018378418426531984,0.031642258018014235,-0.04808638671631893,-0.06907836247596577,0.004257657206001131,-0.09817405654961608,-0.182349154257756,0.02140379681919291,0.017605235510462114,0.12537725205199357,0.019460195972259564,0.059358232119660626,-0.20778046920139215,-0.0841649874310334,,-0.017271628661447602,-0.001062882324493697,-0.12074101021454042,-0.0018362669295473033,-0.12121622447509195,-0.0009836145806536578,-0.06619759088622623,-0.07098477760982191,0.02567073575782297,-0.04381766494307637,-0.0768869572668438,-0.026926059175945927,-0.07197936370956481,0.0162747082669501,0.03393152319057102,0.017929754471488257,0.027838275441391502,-0.03357788038015508
2020-03-18,-0.13305897367867692,-0.16041517866699628,-0.14858592541191518,-0.14292930797747538,-0.18747755043535042,,-0.25727503711832067,-0.14354987923301965,-0.26030719482619236,-0.19624571270932067,-0.277478398080392,0.006232544511014959,-0.2405252985614318,-0.16670603567747555,-0.25631422314310415,-0.1806020705539496,-0.14754114978996158,,-0.22961052329236864,-0.04253448418054617,-0.05796545959639943,-0.31593568433120356,0.012538188253983229,-0.1323417233652724,-0.07870862374767684,-0.4016304215165347,-0.3181624786992254,-0.21716853240323897,-0.17891815257617805,-0.06354827322693102,-0.2786252981091224,-0.11591363815724665,-0.2821063851593728,-0.21369411093272395,-0.08039511072046568,-0.029411870747849678,-0.0545239437990217,-0.24629885387947337,-0.189730466347225,-0.23661540210952992,-0.5609523529530693,-0.2920438528423924,-0.15708249902591842,-0.17529467239736451,-0.2062352370958228,-0.10050645481415887,-0.13296538343930242,-0.2189251443337017,-0.02266296680980362,-0.07468957600480652,-0.14303709616312255,-0.38287286584554514,-0.17235299241762192,-0.2679676747847348,-0.10044755452578269,-0.24125386808472882,-0.21895788748273148,-0.09807784036675049,-0.0498286531675719,-0.09717681208548645,-0.21656171797908885,-0.0886119197225167,-0.2486126077537253,-0.21954570773947013,-0.3060762693261364,-0.11182748756771499,-0.08594747683713289,-0.1564129895601878,-0.010164365557907451,-0.14521741146681777,-0.25642277167095406,-0.2221938480485801,,-0.22899954458346639,-0.26586734262640366,-0.2835908760693544,-0.0142782603640913,-0.3272427628550383,0.05343344455696264,-0.06305808652274447,-0.1384509676095318,-0.2578383696998716,-0.279804678783384,0.04859496814245201,-0.10650625221477383,-0.1692033908590791,-0.06454268473681923,0.21991223100430823,-0.03201374978778848,0.00403125770805457,-0.2872822810119948
2020-02-04,0.5503408422258187,0.2895571223076703,0.18766710612221482,0.11317190711675562,0.4060868983627648,,0.5798905811752577,0.07500275972618775,0.12003820867486348,0.7877969497337014,2.101968217570056,-0.051526665689875295,0.5977051409033363,0.5112543138931105,0.422781179094168,0.2796579067407434,0.33349984396156995,,0.39376707724990156,0.1139016134371229,0.24103142991301207,1.2868402620886665,-0.010541656138374877,0.2828665834954718,0.1871281669328957,0.9185389654296827,0.6333583555591449,0.27017314716804,0.6298422382168387,0.20670697226897405,0.7684571335863379,1.0400000905159832,0.4278034311715575,0.4724326265660741,0.4823712448806827,0.9041697822656971,-0.159177481299262,1.0211770203534543,0.32461817996319065,0.7173953990037325,3.6515144329963327,0.4999560754151333,0.45695822936409525,0.42509915018515176,0.36818334487674664,0.1161781562629225,0.6127067854754744,0.20967428695573398,0.30052309961606616,-0.0027228764200424305,0.28398021230906334,0.8355893569376143,0.44395176455504703,0.5534253526348294,0.2337271558020848,0.6097395922443059,0.7814052510174019,0.1372709348286263,0.21398738540142226,0.22345435230050925,0.27941141964623295,0.24936180103063554,0.1697150547999815,0.48588288724138584,0.2177412065027644,0.14321980220414865,0.17647583940404088,0.16470948085194448,0.06990208323203029,0.287937043605728,0.3129237156469742,0.4418722869267455,,0.9178254123267033,0.5616899390479839,1.7862303761643714,0.23247513689709431,2.0102039838906927,0.1455100750483036,0.09520647673867622,0.2647001490543446,0.28825548046584015,0.5829650563968909,0.031288326431861524,0.6430303915783624,0.3689766623859294,0.07308558787746788,-0.01748868688340255,0.6629118967924748,-0.059634611680348226,0.7850614096252333
2019-12-19,-0.001319871709600351,-0.12178153489730703,0.038248738884317346,-0.014161364894425987,-0.023677605044400862,,-0.07286371981073925,0.0903024965638004,-0.1255762646615166,-0.05651252544317853,0.04894000843323787,0.0504429298468454,0.09934166326051574,0.07434123958872507,-0.061467675909495645,-0.02925215954097904,0.07864493689095897,,-0.10546306830703456,-0.09910093283144916,-0.01908647317161738,0.016519076663316312,-0.03670024183291698,-0.0018775700182869226,0.08431509997578224,0.10556851426343594,0.213472503400709,-0.07671892988390361,0.00981136053937659,-0.06884062016558645,0.03891328562975982,0.007913175652976445,-0.017966945811192292,-0.003321813268868934,-0.010490572781699625,-0.12321147574857927,-0.03130558307693365,0.084084890053163,-0.061553531987157295,-0.04959910367191478,0.12967227829755945,-0.0628935879218121,0.007362642450570833,-0.09757888063808617,-0.11457392269255706,-0.04122690349980007,0.008750661409296034,0.09433957188086617,-0.07681861699113779,-0.08777208393070057,-0.11056686645252156,0.002678390332012892,-0.0971875868035279,-0.08181905059934824,-0.044651460984701186,-0.058660453059055984,0.002995053378871848,0.0948231895874514,0.07399817141415266,0.01844732418431283,-0.13552072064746157,-0.09030746742121121,-0.09969921566162632,-0.0022684139468791553,-0.04722211336306148,-0.019169474713529477,-0.04713043154278462,0.023506170634479906,-0.011760256434500183,0.028588366778040664,-0.0932711892642577,-0.00494772383557518,,-0.028039305293972028,0.0015840090073464541,0.16260631918440138,-0.09303996100324918,0.05870812940974157,0.016455247065114254,0.1364237739572547,-0.00772155657544904,0.04906706521253135,-0.031488695077102835,0.14683686368250948,0.09900462066674853,-0.0836119399763251,0.03231705180729483,0.1033623834804569,0.13478652791424484,0.041728261918427156,0.1570783048260178
2019-11-06,0.0038057385997485316,-0.0841010065833836,-0.07536328796981706,-0.04842561517546895,-0.0915505817329666,,-0.04257554781062345,-0.11109994976043847,0.0019472349060007943,-0.041175850154044236,0.05587714743315075,-0.02883253901277405,-0.03382499326833155,0.004477999682989564,-0.032088523682189174,-0.09371503769893741,0.0032407361890809394,,-0.013959287869732995,-0.026631555961263098,0.013290562996873145,-0.06517024463549081,0.02676110714746871,0.008145198800067366,-0.042780155309223744,0.0050800501436953915,0.094694966652493,-0.10356278450048906,-0.10716232867401687,0.026830967553626905,-0.039297412250029695,-0.05207231467587692,-0.07041635775381383,0.10516267408756308,0.01634490768105845,-0.001811636722992338,-0.0074738046053866025,0.020187637691148508,-0.0482365120956203,-0.05542565846740666,-0.16578246884390568,0.0558660898537402,0.019351906120681495,0.019322411538551076,-0.006211199767682696,-0.10520157794578655,-0.05860938326878229,0.026392483915979703,-0.035189165753769736,-0.13512342225776164,-0.014803581775255203,-0.06272355033455124,-0.09299911760830704,-0.020889503493066952,-0.05312770635841324,-0.05833097368335971,-0.043307147531181034,0.002071073099351173,-0.09608207559938375,-0.08119754579117944,-0.0779560652169976,-0.059715273201251584,-0.13132865186472575,-0.11767546399140649,-0.11884432494109665,0.04620590714013373,-0.02172735717116092,-0.04413665419381929,-0.03682362623619806,-0.03988100797846106,-0.07577149346172507,-0.05097942650010323,,-0.007631921097719818,-0.06713487162604792,-0.11459214455728117,-0.029088962403952756,0.05242454628735538,0.008219891577474714,-0.14639816515772552,-0.04778472641884968,-0.15294078026024382,-0.011779234025100727,0.020634950281559927,-0.02082996341108001,-0.05395911814525245,-0.011019588189628005,0.022512928820963785,-0.006339896277451684,-0.009274043158711276,0.017987092522195436
2019-09-25,-0.033649151564808855,-0.14076336121890964,-0.13433342066088982,-0.007108547235848972,0.004351375920062406,,0.006638725266657541,-0.0939926100838574,-0.015280388456270777,-0.008554323149153387,0.09037520027437296,-0.18373704534088453,-0.05198628801238314,-0.009224208081506369,-0.09059515324140222,-0.13229019882085713,-0.13655517842309883,,-0.1116559607135712,0.07915212346883438,0.03158078989995472,-0.0592539173253821,-0.04538071341116534,0.02003468999375868,-0.12420960295751604,0.03010846139859935,0.008246944731389094,0.06614260931367899,0.01386441675292649,0.02827760703568072,-0.12418487777447573,0.014736893085044889,-0.04567997838995441,-0.09885416923522483,0.01849659456773267,-0.16878397684504676,-0.01849882082283838,-0.03409675564394721,-0.03491070403672336,-0.03841240338391927,-0.05631065734220986,-0.025255157600862166,-0.07676548309207043,0.0315607503486528,-0.11908424316507948,0.00022891324772311705,-0.094646082266029,-0.15087504516039485,0.025947157028542778,-0.021349448989039788,0.02801533947856405,-0.02187014462995418,0.00948373981178463,0.09501492569169945,0.05146604197528504,0.0019649124289691233,-0.03438306875372943,-0.05747126656492474,-0.11653230171942264,-0.0018017322583303574,-0.03262538689677397,0.008263973505718392,-0.08260853335324203,0.014863469316435785,-0.1415981430390031,-0.03768521104680822,0.004835059555691856,-0.04546657052315095,0.015950511713707538,-0.10059731699025187,0.03488027657787951,-0.08708495383042392,,-0.07740562577827814,0.08868549729194064,-0.008999069343019528,-0.0019401221503643207,-0.008511732289930296,-0.0648008493709592,-0.03357168181937864,0.053375253719120996,-0.11316476408018183,-0.07224675433182004,-0.023780246734496857,-0.05856490208452736,-0.00842920443207662,-0.00799382343805033,-0.0862329141978716,-0.08438662407156072,-0.008619419370252568,-0.0019583290069089543
2019-08-13,-0.03910152549747281,-0.05456279371876083,-0.09821040054559349,0.04863629385351831,0.010530811565664377,,-0.0346451063832347,0.043915292713647025,0.031673958569693905,0.06044317469267946,-0.13811500352917738,-0.011318347766117065,-0.06867133906021972,-0.025251732931447335,-0.052192313605678886,-0.06721516247384485,-0.06002693357513322,,-0.08949745168044065,-0.007613399321680148,-0.051712840673178495,-0.044692718023378264,-0.044573002345468904,0.06268891658985587,-0.04377693240365521,-0.01915116498492475,-0.03426877133259809,-0.02368898442409373,0.02945374061156314,-0.07433065819637785,-0.08963056966181993,0.006521660247980066,0.030908062375057277,0.08735916311357506,-0.015537699082166845,0.019640179105965494,-0.007710562145390898,0.04075295735944362,-0.03949625443579441,-0.034247548878081346,-0.007516342105394869,-0.09221619914592338,0.001259605913129791,-0.05148085608430275,-0.08192882256473955,0.010975500451319675,-0.07338990230579756,-0.09182260756655347,-0.019536941448664136,0.032902472482900125,-0.03936347623809189,-0.12794579272020357,0.006526270944368084,0.027955867123821365,-0.011233960240154883,-0.04850390543718708,-0.009288556464405628,-0.0037501472862918606,0.13156227308411905,0.02902176995896566,-0.008754337565533232,-0.06519233077512865,0.1795278518575898,-0.08484410486529115,-0.1253116707821872,0.0024145702934050828,-0.044797903853491916,-0.019498659247666583,-0.0469029899423139,0.09704857667694355,0.018244685394801063,-0.07311110890757377,,-0.06316256771127293,0.06950740741920658,-0.03246095115119563,-0.0833529208320386,-0.003542750224131197,-0.06741584642351661,-0.21724878761552935,-0.03444503918772779,0.11648855038003836,0.025344899927003173,-0.035247866527350014,-0.05220685456289975,0.017530022864247652,-0.06470886033969092,-0.032588381721281645,-0.06699154550730657,-0.0933568796459544,-0.012053348691730914
2019-07-01,0.06689807697614514,-0.03915816066055211,0.11209897141389535,-0.031249092432409364,-0.031159168809422266,,-0.012351711890332573,-0.09591500638196304,0.05363582304789305,-0.01416593729140625,0.06425963824534864,0.009690047622627151,0.011643770126487096,-0.023039383081891796,0.1119130753890969,-0.015392659379420026,0.13903844205200544,,0.048422372231923694,-0.00036316384439660787,-0.0220893417416419,0.05075975266754562,-0.046007468550448016,0.03180401939297095,-0.09036085970497343,0.020017926672163844,0.10264027146704846,0.024619436664126138,0.027502991111757025,-0.020151400851615486,0.127048633468416,0.07999308430554164,0.02414435195245712,0.01526305941722006,-0.008652218345502782,0.136898290159833,0.05489899376342677,-0.0066648336807821895,-0.08082857624312345,0.01347316488533501,0.17813164318701946,0.009360188076971587,0.05256574126279134,0.01812383439387477,0.01895315863970759,0.04452111644199963,0.0323838518736832,0.17334358802078564,-0.03551398408726092,-0.02558337001891009,-0.04175290405240295,0.05251464165556685,-0.029444847089746373,-0.06112038006453657,0.0025655911062081316,-0.04722791080090527,0.06584749098936271,0.05840609081359016,0.01945264800806057,-0.01545065188388195,-0.02106757389807501,-0.053798414650015,0.19956451763746563,0.025084186963369115,0.06485081860288155,0.07052284661138186,0.014931152591437069,0.2319403582169428,-0.06371788473222806,-0.07111373182108716,0.08477930767777964,0.07398151599473435,,0.018534426205407906,-0.12831686186355395,0.13543178448413795,-0.041258624189905446,0.02111227055706255,-0.0599275517325073,0.03205134378946339,-0.055491108978987236,-0.026402480562274788,0.016115821283366305,-0.11102465087160751,0.003407123960401881,-0.026146375000890676,-0.0053254113197430675,0.029772072511027314,0.026089548163380494,0.02484092048793829,0.07277281872480623
2019-05-17,-0.06764522356527547,-0.06226722935232143,0.0825611914347828,-0.1008403003723446,-0.04570010585816364,,-0.07762406701425473,-0.08822133200972271,-0.027671532485149197,-0.04682984563775694,-0.004039681535896622,-0.026370574415088943,0.03620437016492706,-0.05853815399665774,-0.0734218405803666,0.01450819987028873,-0.10131783993002164,,-0.02848591253192634,-0.0015260238116444613,0.01943330283718514,-0.016297160822964618,-0.05767417063975433,0.02941172212831633,-0.037320085103787815,-0.03460420131916542,-0.13551890037131098,-0.09068178043950048,-0.046664344878450725,-0.009203394831656109,-0.028331560217312868,0.013793104830924774,-0.039896357244778136,0.038623670864224025,-0.08858322176229394,-0.060170951522126814,-0.030901357975354538,-0.05528508677566868,0.06252729936079549,-0.049868695553723086,0.08802479465885948,-0.09055263228225774,-0.0434537577580032,-0.0397483544442746,-0.06576484087721579,-0.012140968115419981,-0.025598239949089163,0.05306314243086829,-0.05389732026416849,0.029004774631255614,-0.0709725643350354,0.06673218980784945,-0.053304296690487196,-0.039941345979906284,-0.04988774832762666,-0.10570821292766819,-0.06258665770348748,-0.039278598279055,0.08069228517290838,-0.07731311045393174,-0.05608788241370133,-0.03083149726795842,-0.05379069292090777,-0.012583207012456299,-0.05908672464376585,-0.06050669515037044,-0.01750658478055067,-0.052547099762963234,-0.027513993216045196,0.09667734873366673,-0.019386210129565096,0.041819010736416695,,0.018349398415791418,-0.06670611634180013,-0.021610460940657883,-0.01859960914215375,0.09972272894986234,-0.04875861886097965,-0.1846100611526562,-0.08874486036721752,-0.009578759486879806,0.012890372280459639,-0.03467056347521791,-0.034276637372959384,-0.056628688578127306,0.025238332018528764,-0.04354994322778849,-0.04172782431817801,-0.08822994148369301,-0.00848987832211856
2019-04-04,0.03633735481730227,0.031424737084251975,0.028522387519052117,0.03066435151075697,-0.014721901127808024,,0.004495900040115464,0.12229023620211943,-0.026827188147906633,-0.07516584694456752,0.10866635614935438,0.025122097599016735,0.11009701199753552,-0.0037431325248540315,0.0006341794838806702,-0.0038419583280552283,0.1346183412746571,,-0.10530266311890579,-0.06726028245611937,-0.07188774141549781,-0.046658754090228904,-0.018555424452937785,-0.021472801988385748,0.00023976191908015032,0.02542382968111956,0.21531260611899827,-0.004805296022601935,-0.15025170050676362,0.013699683578404898,0.08899066329416816,-0.11621907139125198,-0.0500809423986075,0.10446097440545121,0.01070647031533234,0.003000075385569234,0.007233165084230997,0.04837824116222866,0.04335282996363521,0.024312352598163445,0.2081015604247456,0.040866154525749376,-0.052250750962389625,0.05050536804060446,0.23812923860625612,-0.021932122754534933,-0.04703440275724913,0.004918586984081097,-0.05528472014909147,0.07671128733382071,-0.11337614418040476,0.03504361491176544,-0.06659739957580757,-0.04693303360896173,-0.0493968464142589,0.01709792011099376,-0.06338719616489974,0.27168949566007394,0.042980041391601276,0.03976128628072462,-0.07144687888341694,-0.05317105497668784,0.03788966628088852,0.008395217470061889,0.2027086676600527,-0.01687999400849438,-0.06926671845185295,0.02156395182622206,-0.04416046730194112,-0.008524384478629798,-0.07393620338342,-0.29006124756627605,,-0.01329321742149192,-0.06213840733036646,0.13018960952240444,-0.059591227793737045,0.04161791417815319,-0.015304683402642127,0.1377259290081152,0.05344755569940918,0.024898499461695867,-0.03338669860526444,0.1357148413998699,-0.03432895306669337,-0.04078281453697352,0.005137370614959558,0.0272848201438205,0.06562842500546551,-0.03240564496911558,0.06863605499783443
2019-02-21,-0.08170562295980566,-0.1258624595852078,-0.04902763118255571,-0.044263828976931374,-0.09951461237325732,,-0.020223432237360117,-0.03551195278987995,-0.10964012928502964,-0.03528939511126716,0.05486793762353237,0.3664483602871307,0.029154510722456006,0.07059984540685238,-0.022864772705640468,0.0647435270087997,-0.008920400886416657,,0.011049425288472303,-0.012583338470351202,-0.05296755878634085,-0.053402482441417654,-0.11935367067684555,-0.10955496222867356,0.16760310524647815,-0.04535265047428794,-0.02304501602042952,-0.13939854728574141,-0.00400870372930251,0.002686189116565929,-0.047525479041297,-0.05735943619186057,-0.09078519826412856,-0.03237292752957588,0.014541437568827309,-0.039478868275843126,-0.028696506494023333,0.011360301832128217,-0.09450161535832691,-0.03293183203545258,0.02556455776612876,-0.05012619205181834,-0.05252383708042163,-0.03459880547478844,-0.08065104509992349,-0.007687845006163041,-0.008439711146734918,0.4559045613928816,-0.021877959970038607,-0.023007785400447123,0.008882789380380895,-0.06883155077174874,-0.07095669566541218,-0.04327452334213011,-0.030082842991791092,0.032221730057035325,0.0004468700219992794,-0.033762569006794085,-0.09043619179790774,-0.031253195297554215,-0.08336122719170047,-0.016342562093216606,-0.02965641925982021,-0.018121922245366462,-0.17343236018061192,-0.03177248111411701,-0.05189657168914652,-0.014038392314580261,-0.035289642490967776,-0.018126106322267743,-0.0909439027691138,-0.10562953686224497,,-0.04807836294110346,-0.04909210139765385,0.014058900054712664,-0.019140458070120214,-0.00924672855686337,-0.03595988918708015,-0.1148931313197108,-0.05828311729758384,0.07274793626792797,0.002961486348013409,-0.02792131692108879,0.017424230433226384,-0.0865264353625852,-0.04814376873658477,0.30138516248146896,0.007931742914002005,0.007624828544007478,-0.05155401763466405
2019-01-08,0.05051999197462953,-0.12249385054082484,0.13891977646083653,-0.09522531286646829,-0.09020230739022062,,-0.12786664391779967,0.07315761703368273,0.022933863552968115,-0.07466476968843605,-0.1885918481920451,0.010181489170711933,-0.10534943769799032,-0.11508621782664119,-0.08530642629340301,-0.04268898226160378,-0.07156900819560164,,-0.1396979341309602,-0.09829169393857329,-0.07148401283639483,-0.029913911423877004,-0.03364644545812645,-0.11839722672075959,0.09080495366637287,-0.07119652878008798,0.0023525861158713024,-0.08004975445851636,-0.025111503185308193,-0.049130932064168964,-0.11078483921114757,-0.055490408577973716,-0.10941011772932352,-0.08371735858348972,-0.08082452756671199,-0.14656049345336097,0.03874878577163088,-0.12140312464455749,-0.01706194155712648,-0.10689549965665912,-0.06947081728852589,-0.07262009821123538,-0.11949800987722814,-0.14067086773908233,-0.07723599772524847,-0.04031899956220775,-0.04645891574937966,-0.058323342738376804,0.03532512431972856,-0.057098743515862305,-0.1137565275222433,-0.07944838982100477,-0.12325012776482691,-0.012089023531798304,-0.1307580290736985,-0.10344467874583585,-0.05327187275769063,-0.08377594501147123,-0.026007569269165032,-0.04810214050945949,-0.06441065127961743,-0.06978989536231872,-0.10280979376847077,-0.08600340994313949,-0.10233033827675597,-0.08479782359467003,-0.047545178217497486,0.021689199937737103,-0.08063274378947793,-0.20694071643611467,-0.06592251681323014,0.06876783177998358,,-0.14299649734171505,-0.10481323648872809,-0.10097158945810003,-0.09756103026546803,-0.05980320176965481,-0.0073060097688978365,-0.042088164964694585,-0.12169046218506718,-0.08674943427947257,-0.11412106548395906,-0.1283108365715273,-0.08109675343999467,-0.05165489581756866,0.02897593446822766,0.00661882400743008,-0.04937632699866312,-0.04215718881877217,-0.08443845338500289
2018-11-21,-0.06632881313568884,0.17267006169005916,-0.05110683193371812,0.0033673454816924853,0.08157624521621254,,0.06162173889050804,-0.03908068771049822,-0.08442090288174464,0.0751739190867875,-0.06815850749635677,-0.02737025279247507,0.04913892162530287,0.043558662268839754,0.01655819420579263,0.09989530143708136,-0.04546516685899582,,0.01606204391969901,0.022626099234166253,0.04430322668691833,0.0802302805177495,0.04804600718114438,0.022614759004452756,0.09572447756029723,0.05189222671040339,0.0216944625219333,-0.006330531279382101,0.00664152108867655,0.004298291235128815,0.10895001417423211,0.0884109675403495,-0.05409381548523551,0.3284477578818408,0.11401760827855223,-0.08887014191169551,-0.02802582864582459,0.01063164297079866,-0.03864114688532705,0.09381990870544987,0.08723246924153494,-0.053947447767206724,0.06669633003825859,-0.010514864853997441,-0.014872143745486843,0.08565335136152807,0.061677528795055725,0.12761766389144835,0.018274732063354726,-0.03532741997847433,0.08255535515461387,-0.09484784921735745,-0.025711847857639247,0.00553757305899194,0.02659197183902462,0.11340106379062731,0.00514402949549031,0.03657137735798566,0.09057536022539026,-0.022642584968355473,0.0030155542147964898,0.008883635011405655,-0.18153428708669128,-0.059613901623115306,0.0338653254108463,0.01545504206732029,0.034290434999825425,-0.007598399037329617,-0.011356089301483685,0.2181646171731273,-0.10800444792856345,-0.022762715481666085,,0.15436146990363864,0.04951264980433767,0.15872961880086311,-0.005448968803617338,0.05681935551998296,-0.0482735115173365,-0.005028238320452849,0.018542292825158846,0.06753313886940138,-0.04914421675224068,0.11650606595228363,0.13504375915394196,-0.017397994359456104,0.013360765013828768,0.1175561996927934,0.10286063763958908,-0.016188093880172727,0.07662399199266257
2018-10-10,-0.05874128486019592,0.2196388835840175,0.06900525809277802,0.0015726386514849366,0.02099063293412562,,0.0999205568582362,0.03649330898918013,0.15725938209353174,-0.027511789261846387,0.15271950811424828,0.06962226324844512,0.008960623291961012,0.01609859431224736,0.046955487527609696,0.14229329995272177,0.1529011047779738,,0.015022570562034154,0.024033416994456047,-0.08611026712649783,0.07770242589375909,0.008948180758310276,0.01648469270458408,0.04379096949990924,0.03269037368069627,0.04124991017400692,0.008742837376487067,-0.0015041097759836974,-0.06303373159993853,0.08229421837449213,-0.04891844034476078,0.12283041580594056,-0.0048976756436284186,0.11920765679532086,0.7003841461811895,0.12046717003123719,-0.08298168782296445,0.0467017221666588,0.11573211298263053,0.2727840722641015,0.1441228166113635,0.04732843158040545,0.1882897959637786,-0.05337394099112058,-0.03000201287770332,0.03558153113948603,0.07658695611485355,-0.06258973183029704,0.004831378116290974,0.14427938463306544,0.1969157065005518,0.04811900099727984,-0.07853554420807507,-0.027828643182098434,0.022587898727746136,0.06339452636313792,0.010513136187941141,0.15664640941539432,-0.058029205983970544,0.025151445794079796,-0.01946861902408903,0.2432381206956047,0.0355120180034485,0.6978091920246128,-0.029001976867476742,-0.06887568996888105,0.024806587507093525,-0.11687260418156187,0.007981064074453537,-0.046385309288912824,0.20734574652422744,,0.037087769582136554,-0.16562996395544727,0.27665854035261406,-0.04928357291379282,-0.06689039457047896,0.10345971971514967,0.2200265433471087,0.02353714951251673,0.009710130247450488,0.07189454913654392,0.06361055622243406,-0.0065200324297536305,0.006376501944517443,-0.0816430605370353,-0.09827513073624805,-0.00802548348696508,0.016884552316771995,0.07880064423019095
2018-08-28,0.22208625520668268,0.015437075311929727,0.04490726397431999,-0.030905244724942604,0.03666374764146285,,0.03149498024547537,-0.012822911326554665,0.10116504559980766,0.032096160188157974,-0.04424869561439493,0.023701596980809425,0.04278381907047457,0.07965942004556226,0.1251911120450111,-0.016194966677730793,-0.011967738672561068,,-0.016444736153287565,0.04621631392907455,0.05471279049292188,0.07448981916579545,0.03908532083939398,0.022018417166317805,-0.050684061664564406,-0.022349034985650884,0.1861720194118015,-0.012431581314020446,-0.0024808822361190863,-0.018685564719947534,0.043353736203145976,0.13492070958681723,0.1643545304631462,0.11521802546778348,-0.01559162831985983,-0.048228272396512395,-0.005715108917810019,0.13245825093149688,0.14073024681526447,0.12415661777604892,-0.0037774655467407436,0.0373775173151194,0.011097307299442916,0.0273320433426254,0.0841518331692348,-0.02475869254771046,0.03464941536425514,0.05471829230684744,-0.015163353446214112,-0.07199582999848786,-0.04283733928923539,0.01862839012581885,0.0797909840804003,-0.04592744252682601,-0.0064835826560584175,0.007362956318927472,0.016897625589254783,0.03601276740984782,-0.08261297870010842,-0.03243577655452434,0.0386208784489539,-0.01910269008165455,0.13071887345763988,0.09924069168800398,0.11616258834908488,0.026160377988113437,0.027184528021898302,-0.06762555272170523,0.025049024170809897,-0.07362981678849312,0.20092782339685122,0.036270432404343245,,0.02577788648671464,-0.05284771690987422,0.04509688568462056,0.008875862167882387,0.05688801082207173,-0.024780992410171065,0.01760580076926299,0.15900859057050365,0.017207862473631153,-0.026040822056913715,0.05229314566980259,0.009299181312039773,0.07142820143974338,-0.005134159768730884,-0.041903080700263606,0.1266451080473867,0.00323715094655741,-0.050165555213494195
2018-07-17,-0.027133637429962332,-0.13163004907142672,-0.01902086698580352,-0.05973943055068154,0.00238578865257999,,-0.06096842102477518,-0.030263658968213036,-0.0459897429912135,-0.057140061776524975,0.011148003008807361,0.027349324922341545,0.016574997669432268,0.05141285091193559,0.04454328238421956,-0.05883312952121933,-0.027441973163366606,,-0.009835098226422812,-0.01826889164864942,-0.057221375692035115,-0.04934250815735797,-0.0662727547576899,-0.09818946310608767,-0.10000100899868103,0.007444576060225305,-0.05202156670756819,-0.03037968625650589,-0.0202521561493072,-0.007645084881539477,-0.09810654701666299,0.06987449036881688,0.1913650972286849,-0.06655097645944796,-0.016869391039021853,0.07288396717844159,0.030294603422466482,0.07261539132504335,-0.026311166328714664,-0.04682921599964174,0.10794219009371031,-0.004307537113373505,-0.07702813118117813,-0.03160974221176094,0.059032168271565544,-0.045151225504165504,-0.04856211879759087,0.06111789057960948,-0.0026449038397740043,-0.15309247815139504,-0.021089060872032772,-0.07846757699376983,-0.029440704127733697,-0.011692524045164077,0.013728097399585693,-0.07810374699876643,-0.06714553572307325,-0.0415670472176729,-0.018819595245000542,-0.08888238797374326,-0.042773136348837504,-0.0020520088933010383,0.029824475679686824,-0.06187941436659927,-0.07540628679697281,0.0053454216168260515,0.03337242845806565,-0.10043060549939564,-0.049949531081021514,0.035597522617711874,-0.022403694577008526,-0.15577522982686764,,-0.033341726822185835,-0.04004800934996533,0.04167311779359473,0.061315303005303745,-0.07610624393787668,-0.02785423843544732,-0.11571690281429547,0.0012378180060876876,-0.0678559889091791,-0.08582379560537956,-0.10195167715045905,-0.053505737796036956,-0.039735154121886884,-0.05892046281383112,-0.05867165462062196,-0.04944788255165222,-0.08732459630998213,0.014819147569362201
2018-06-04,-0.030004294008342147,0.001985022958667537,0.028174541046991797,-0.0009875678952927514,-0.05140723308613249,,-0.00010612196011228203,-0.04372922205621821,-0.0968908955196709,-0.02032395525436337,0.010787964866326938,-0.15795257645191252,0.031822410431791015,0.04692395464235344,0.06511664132886974,-0.09800130962269527,0.0975169784504668,,-0.11273710535571724,-0.04959390865204283,-0.09224382518634844,-0.005625993945591379,-0.07618633917893924,0.021326597153972893,-0.05652030227921212,0.002870909135401334,0.0010438039569862223,0.02132899034973268,-0.09845275693360156,-0.0654681440302266,0.029216992519962126,0.08103150124204817,-0.07957524775821367,0.08681128002230687,0.048287843119082074,-0.007349515114254301,-0.0978152399685368,0.08421902799887637,-0.04949378373001556,-0.0048914820319289065,0.060141712423487315,-0.048433741707755606,0.011111964650511563,-0.00313607383312986,0.09816414083496516,-0.05545657563333428,-0.023856725332635054,-0.07343381500561474,-0.04737917826278848,-0.05024009609884916,0.0021103998817513236,-0.026533587752419874,-0.04307108973575402,0.0029422350273502484,-0.07619702439226816,-0.014485763019551179,0.04842741079019719,-0.004998348843716194,-0.03509676862746747,-0.015762560924295177,-0.04039643057206266,-0.053111104839518086,-0.04656375280955438,-0.046985958401073336,0.04399064804425379,-0.036091769859252554,-0.12848177550146855,-0.031872513381211554,-0.07309765431895987,-0.0608940605935786,-0.04526983577939625,-0.0033948903720895096,,-0.03381542242126734,0.11290980163752651,0.02741990453170251,-0.07806907471040891,-0.046104858198074194,-0.0002056576654850817,-0.011906149716517711,-0.0005179439597985391,-0.026058823988589497,0.03399388944792192,0.053119645359613665,-0.013576880848487294,-0.04704952832774567,-0.08084871838083452,-0.03550190519721641,-0.03058704721107075,-0.03140920411630954,-0.016279730492476108
2018-04-20,0.0028330254142214795,-0.13942867251136892,-0.06559022857463204,-0.06077424434197798,-0.044031633444387874,,0.03798547692351062,-0.0819351652428344,-0.08273735050827258,0.013473971003463703,-0.06581381677647458,-0.12006963369820134,-0.010587037100769026,0.002620222142927009,-0.030055383239654176,-0.005442401274187159,0.004917814258066144,,0.16031043247203192,0.07670247532995567,0.061361357724776466,0.022182279104348668,-0.02830914001030127,0.011702504052858886,0.01591263660960518,-0.008239246274935108,-0.022083539351204884,-0.005202826144489081,0.0,0.0185840275366973,-0.024938380588159226,-0.07836469682675662,-0.13969370949153848,-0.01889790638278732,0.10123384734221941,0.060539826598471125,0.04970785752914275,-0.14093196652334516,-0.06566995959221256,0.09214068742831172,0.08362893314883246,-0.08013966406753448,-0.0021998227647216373,0.0018814708200614039,-0.09846381487027567,0.030976352376831384,0.027846910671690317,-0.013928765686959332,0.005748597094694885,-0.07701211667916119,0.09940330554149823,-0.14731467571672074,-0.10443549391189721,-0.015305251357750738,0.008295895454209834,-0.08706586209339318,0.015397948693314234,0.07565342969345568,0.021599052808393582,-0.05143514506971547,-0.06963678345616897,-0.009148332129307879,-0.0940825537564346,-0.10732897483431914,-0.13698830485782576,-0.023034670360405407,0.01424349579813633,-0.004776814933408424,-0.005122383874339942,0.07473540695863967,-0.06905517747386303,-0.13288886623765972,,-0.03088479475978767,0.011008912747208388,0.002316368831400517,0.015205683872066222,-0.10593239679263122,0.06973140910862363,-0.08681140222132755,-0.1415088911473681,-0.03912036621511983,-0.0558720142410446,-0.07922732911989538,-0.009428383933586248,-0.06815404700351979,0.001672857665760974,0.0036502345162556793,-0.048564047087135354,0.011887844982263696,-0.03412023450307311
2018-03-08,-0.006608739952451037,0.06770466585265011,0.2506522906645261,0.04027054565612476,0.030861258727672203,,-0.04048416413879119,0.09093047360069795,0.015954274838454463,-0.04525496506189164,0.02970422794025973,0.08238922641962376,0.004871983343672781,0.008778372553233105,0.05524199573708577,0.2961903052140469,-0.0028021673176251705,,0.0972856492007661,0.04570751904342685,0.10421425519486394,0.001735161320298495,-0.0406591667234556,-0.0023499082832052487,0.041784659409123126,-0.07325645023307592,0.06874605130739364,0.0010149445722724693,0.03780922737863146,-0.021755790344102466,0.00014245820282976496,-0.03239065624814985,0.09658406108067252,-0.028933289034649312,0.011499257216708525,-0.0013755191150210955,0.07879588384642444,0.0061155445023926,0.04832367466422216,0.057072449818219795,-0.11451122792771029,0.005254063955570709,0.004383429567497155,0.07805383385291842,-0.015330881958635745,0.04263364531346836,0.0241417096955292,0.1506354202360285,0.007339937319498446,-0.0021500604808922796,-0.029006506730416493,0.03037555575277251,0.01081497020161537,-0.02727218135161147,0.09108402695759787,0.02299783622759599,-0.013687214691919913,0.08537300419578253,0.1311798091472307,-0.07725133969365483,-0.006000157916632998,-0.04030091125791935,-0.03285837439260686,-0.014828136040244577,0.054523046174728806,0.12297337954033272,0.0936768770216676,-0.00354918286166217,0.07366866315816445,0.27965850502917555,0.014479859533094164,0.20178850091692957,,0.06646076626199071,-0.009137871122690377,-0.035966999663120225,-0.04002645927668169,0.061324235248718884,0.050490697590196865,-0.008106194382282772,0.09533823032072064,-0.04394608088804319,-0.02491523483350766,0.0023029850500402294,0.0631659158979978,-0.015942063313177934,0.010458964869731746,0.07900519389084804,0.07914776535524815,0.010807006623499316,-0.061772270545822794
2018-01-24,0.1028775217776603,-0.01937056557574346,-0.09828223443267448,-0.002424315322203552,0.013249146008631696,,0.05343980354844513,0.010898440154505362,-0.12523679804909005,0.028056793531120006,-0.0449746714618402,0.21711334092708512,0.033040831456460085,-0.0906199214963832,0.05633643931769017,-0.044793903138252045,0.09603497676513495,,0.10255280044550519,0.08138535724314244,0.16567252700890367,0.0677670673680475,0.0432528401945762,-0.04894001146355442,0.18373329599255195,0.14772781631091925,0.07140838447801579,-0.0022638193445372323,0.06219366760594647,0.004464485106504323,0.02743236785964176,0.10842465018970637,0.0230887726139124,0.12450612477052658,-0.03256118832213106,0.12293795567627308,0.015361490250665133,0.155268459236362,0.037108886290258214,-0.005270375335486133,0.1981019644045503,0.15235829900139275,0.052677109122887256,0.048317724930028394,-0.10911866793383607,0.06895355548446536,0.008105123278390858,0.18107367346100345,0.07604043649801517,0.06068236346154299,-0.038432478152791716,0.23862572822217332,-0.06828464627874586,0.13320928372218388,0.013409208281357943,0.043182278427357224,0.14544839596177228,0.04188060787328163,0.09368794996614183,0.11723876352171958,-0.03218581637880613,-0.029366383371770555,-0.1757098176877957,0.041236837345533406,-0.022914130743355687,-0.013044239704560923,0.0729058319438447,0.0024934815303745417,0.10428900423635623,0.014679058440200565,0.04807807945211273,0.09028642999481251,,0.02796267072379277,0.05275514654689761,0.16320236153286483,0.0022171165767392864,0.049618604741999306,-0.0024252763094195773,0.09333737548587084,-0.003596338460880477,0.08593416630939066,0.06174270882879651,0.20021666066806865,0.07063389088940442,0.01729294597574782,0.10630496130951061,0.11464489439987635,0.14759823523592353,0.19612177535380915,0.1823243893494919
2017-12-08,-0.11969965081443024,-0.027838548594252832,-0.09708445292015655,-0.11892521894064478,-0.06270218344699152,,0.026334284577867573,-0.07984044357918763,-0.14402104467677546,-0.011042056780120824,-0.14577668524853016,-0.05982687153341448,-0.053661124880375555,-0.12039444037038394,-0.12282403044101986,-0.0273984024922328,-0.14936809351156455,,-0.13738102419583686,-0.05023980595214783,-0.12071897570075496,-0.08996752990671597,-0.03176467273516115,-0.11473664082748836,-0.10234123043548415,-0.08729731010555963,-0.06946466638407145,-0.08225910516830937,-0.05674211731235701,0.13995312690692452,-0.08371187983882078,0.04647308766629732,-0.04047173909540536,-0.10975933302667018,-0.08669685767254753,0.06986393952331316,-0.09328374163363795,-0.04846020746806112,-0.10408185002347004,-0.057700946692605504,-0.2050955544568802,-0.11061026380621253,-0.03944498715481026,-0.0638569979436544,-0.04746201484204271,-0.01041704233174412,-0.088950968407705,-0.01728019149078719,-0.052686558572949904,0.02550385266746913,-0.0442977826401626,-0.200971622248851,-0.10391947597683715,-0.016863816904828854,-0.048372989229085506,-0.06000638465070862,-0.00628443856028027,-0.038596540298590276,-0.00920793869298342,-0.09935771881856326,-0.08342385560677634,0.05422562194292668,-0.27845387640999275,-0.09852940867041493,-0.1879134654532849,-0.0396967274472626,-0.0377250743896137,-0.03222324148010691,0.015584690994315364,-0.04579443989680376,-0.12901679059230298,-0.05501633666479011,,-0.09485565091566994,-0.03649506220781773,-0.1872600951121366,0.15834835762886756,-0.02317887944648822,-0.02500535068066545,-0.20184689001525424,-0.10647220204164354,-0.08552164344763225,-0.08555831881060738,-0.09211037745239781,-0.04670408562652473,-0.09594539473709052,-0.06833950795173993,-0.07474465288436771,-0.09422724044678132,-0.08734294118541575,-0.06630498369745241
2017-10-26,0.009509999231043897,-0.07394347040054705,-0.06659720154515136,0.01537347266664879,-0.05686602036109001,,-0.08667891234372915,-0.0005041913742458437,-0.16314114227557552,-0.029021135546590582,-0.09799349036082139,-0.05565268433757875,-0.04921109580925509,0.12759912410659457,-0.08607697286506011,-0.023550017865264672,-0.04810236100295051,,-0.02530043591703579,-0.028777856950712333,-0.044269082244670965,-0.0385222637805126,-0.13872858451713665,-0.08880635799468473,0.0030100453168888652,-0.021501361790001505,0.02723084972411982,-0.018458901226700686,-0.06194516817993789,-0.017584886141573497,-0.00396562792526034,-0.02696281477552953,-0.046759749258030725,-0.05054857379924271,0.014124466457262619,0.2038396593236531,0.049312705229454856,0.06715974966034355,-0.05523263422493818,-0.03749656676603075,-0.06638204964720884,-0.09053492195542556,-0.05572228194613826,-0.01763513896364688,-0.05175546718661206,0.0025380454753900494,-0.03955443310983664,-0.022850088121309398,0.012007618800318198,-0.03259848302145907,-0.03127992546763636,-0.04754665721937801,-0.02201623806514519,-0.05839995348475113,-0.04079725862160677,-0.0077706270483716144,0.0011326881593987093,-0.0267050313411914,-0.08037469198020786,0.11553018831011763,-0.06884013892112972,-0.04153434677012702,0.035377180785255424,-0.07631407268552781,0.021223950059401364,0.011088571704248817,-0.056643200072217126,-0.009054896457993511,-0.03175812772937592,0.0031898186085344005,-0.021533496713218025,-0.1695213746750297,,-0.029264869931360016,-0.06806609822055498,-0.010394657108437677,0.008199372209281464,-0.0023263385618041976,-0.08303838766278071,5.659240210520444e-05,-0.025315368236647484,-0.06906273910661309,-0.10295065930311231,-0.009283998508538671,-0.019147280773736175,-0.026591568714758207,-0.043061176070987583,-0.06744958741143947,-0.06872213839293795,-0.08694564023001916,0.0005389895364584785
2017-09-14,0.0062108675544441105,0.0055268268765797934,-0.010697730443074871,-0.07284822343642916,-0.05919304835981898,,-0.03682416702496871,0.07319276454794199,0.02034082601920506,-0.10274254456276977,-0.05415196323008786,0.05207381436377534,-0.02087319965205192,-0.04847134678495124,-0.10093347748171455,0.022351825162914007,-0.12541521952579904,,0.1887824143727186,0.007519639314740978,0.03235576761239156,-0.14937299398038695,-0.000553959741234733,-0.06874162495118197,0.11989915822757768,-0.03368816657576512,-0.04147843688461794,-0.034494872930435405,-0.006696298901934128,0.001602329555282278,-0.07391920045144962,-0.069419965389664,0.0019340199355988297,-0.06339494783568289,-0.034650775726482896,0.1266415105684504,0.05662554386002405,-0.14276234274155208,-0.05173385539071962,-0.06151735825571192,0.0227933771351152,-0.049329032183766164,-0.05917411824887009,-0.05247388266092645,-0.11777497664527425,-0.053804227840720587,-0.11105428805604178,0.05148774080970919,-0.0025957275353780673,-0.012951554527619646,-0.02127390874937818,-0.042561780776627534,-0.03642148817161195,-0.04274092890025771,-0.011014146861739293,0.010897226447629915,-0.1080981213459189,-0.09234136361114542,-0.053351428917204013,0.06662347996014995,-0.05066038716672361,-0.025034283424630877,-0.06444342707028372,-0.05421582345985909,-0.13434534996755731,0.048506307722854025,0.031247334248069913,-0.0002797513761142456,0.06119066186825717,0.08133464122669332,-0.12755810382051525,-0.04312254536291016,,-0.05661668372989903,-0.0069205670516664375,0.06832881092498533,-0.03188632785694101,-6.093108352678289e-05,0.06067759634370895,-0.04096101128066454,-0.13374942899720177,-0.05460194937435692,-0.04816685314381486,-0.016341333862666563,-0.05425604761524061,-0.033879845347323134,-0.04641647050915454,0.22202358517390008,-0.07784969643544803,-0.10087998359496109,-0.04049333037439651
2017-08-02,0.016725978308210543,-0.011085915362233023,-0.20746464308175294,-0.04759130179126991,-0.04627010940833742,,0.03619565725753704,-0.08524424630496774,0.0037088848069330993,-0.010326248973937746,-0.03543954130584892,-0.11017735666634076,0.05437131448766275,0.09542129005592259,-0.006333593794010883,-0.11899832283096856,-0.06133807384684831,,0.025372363151388022,-0.007208364532357625,0.06409575088796049,0.08398965915534462,-0.009878605614081604,-0.020813973257661433,-0.03497107049882109,-0.044463057906753645,-0.08169104201765331,-0.08106266663432293,0.110010155459634,-0.030151070053186402,-0.022369498715023695,-0.048442795538079175,-0.009709894694188259,-0.025686382783694395,0.0020745129163546316,0.051937173790940205,-0.08410845650459431,-0.11140129691828016,0.007988267289225748,-0.005951675721379668,0.011191985591409992,-0.06126707462573644,0.006112390430416115,-0.01786604264966718,-0.003097863963313796,-0.021280272728850247,0.023524411978318227,0.06107380537464313,-0.01908264129664572,-0.02128981892582149,-0.02781084119220878,-0.007647097387242563,-0.07676529684204936,-0.00849430143324359,0.08407064961201094,0.017114756119803065,0.015323866609798342,-0.03402885473237971,0.0413921592359765,-0.04742233881334679,-0.038691139007317354,-0.025183939842566838,-0.010348789022160854,0.10897528810603507,-0.030428584400749914,-0.0572077267769604,0.005399571248448698,-0.07864529477063509,-0.026830512226046932,-0.019446749874523994,-0.050128577481408754,0.021513543655688583,,0.0573054148927894,0.011936557393528169,0.0130834359856975,-0.023994972010823234,-0.025597623613659692,0.0536895588945403,-0.055537565778040254,-0.02377243564885234,-0.027611563081436863,-0.08228518751147307,-0.05913689259069432,0.02614265774781188,-0.04678380232746615,0.021831506586025284,-0.016821624420153003,0.04542808499883888,0.004349978976688318,-0.0032930257240388894
2017-06-20,-0.043752339306208254,-0.07719223852598955,-0.0017603975010487272,-0.014796006112918092,-0.016249438887800727,,-0.0520392240261518,-0.046830467852527646,-0.0033136066678344234,-0.03634525576884706,-0.16650546864185745,-0.07638888888888884,-0.07932435272628702,-0.08446250853686588,-0.002021026709955409,0.0008010486222633784,-0.06028019221925662,,-0.13469425232766385,0.06013927089385107,0.005393925293520674,-0.05238563109126426,0.010044435204257685,0.0011163908985900584,-0.03100320549468316,-0.0360310828028092,-0.0019008684377621599,0.05238959983305169,-0.05058915291457422,0.01364604486784593,-0.012461183754367666,-0.0019088333869444751,-0.1007088171554571,-0.0026252907624161326,0.025057429084160532,0.10227286485239939,-0.13515291709277377,-0.012061791715504921,0.022529626499423472,-0.0051708086582885615,0.01283570332876649,0.04764109941625594,-0.027465291311454032,0.07268934554734519,-0.048580644695369934,0.015587086529422534,-0.06517870355645539,0.027742315549059038,0.0004386565713212498,0.011366440184678472,-0.04007491981636302,0.027655290197516003,-0.060515563602542066,-0.016092857676187067,0.01667634988809108,0.06201884343615993,-0.03821181012144159,0.038703235505980205,0.1797101047235985,0.017181641440465745,-0.03252141232801731,-0.03257480915437505,-0.15873631497975893,-0.13764844020046219,-0.04440675303513175,-0.08242433324584852,0.02024049818000595,0.009579445000053699,-0.023151542095174893,0.0577495819984255,-0.1116373239743339,0.06808335187416814,,0.00963820291055728,0.07992070643250249,-0.034427596644042824,0.038770397808955304,-0.014810524819086845,-0.0070017869000359445,-0.1036971678574965,-0.0273282916390456,-0.05041470113596869,0.058829134089497526,-0.014830137004718691,-0.017645002748123306,-0.06812777210693399,-0.05942137615533205,-0.033690848471039425,-0.010174105808772982,-0.061964167559720784,0.02121567205755759
